avg,avg,avg,sum
17.2500000000000000,1198.1650000000000000,995.8625000000000000,3983.45
