b1_lp,b1_cnt,b1_cntd,b2_lp,b2_cnt,b2_cntd,b3_lp,b3_cnt,b3_cntd,b4_lp,b4_cnt,b4_cntd,b5_lp,b5_cnt,b5_cntd,b6_lp,b6_cnt,b6_cntd
56.5739147925687945,71590,7403,91.2541463610646779,62216,8893,61.2591659855605503,58728,6996,69.8214492593716382,72506,8950,89.2176889288984774,64429,8816,106.8083498372931173,57158,9992
