b1_lp,b1_cnt,b1_cntd,b2_lp,b2_cnt,b2_cntd,b3_lp,b3_cnt,b3_cntd,b4_lp,b4_cnt,b4_cntd,b5_lp,b5_cnt,b5_cntd,b6_lp,b6_cnt,b6_cntd
56.5739243850783199,143067,7603,91.1778249043160099,124629,9189,61.3440209422306700,117848,7194,69.7960037167045220,145290,9258,89.2893530106808041,128642,9555,106.7546958923685541,114762,10417
