item_id,ss_item_rev,ss_dev,cs_item_rev,cs_dev,ws_item_rev,ws_dev,average
AAAAAAAADAMBAAAA,1434.48,94.64391750128656822800,1576.68,104.0259688848422500,1535.82,101.3301136138711800,1515.6600000000000000
AAAAAAAAGEEGAAAA,3860.69,104.5186773440757200,3709.44,100.4239559475659100,3511.21,95.05736670835837543100,3693.7800000000000000
AAAAAAAAJPPKAAAA,3530.55,103.9338577299436000,3393.06,99.88636765069533577500,3267.15,96.17977461936106826200,3396.9200000000000000
