substr,avg,avg,avg
Did not fit,26.0000000000000000,326.8300000000000000,96.9900000000000000
duplicate purchase,19.0000000000000000,55.1700000000000000,62.8500000000000000
Parts missing,5.0000000000000000,83.7400000000000000,82.9700000000000000
reason 25,6.0000000000000000,449.2900000000000000,29.8600000000000000
reason 31,59.0000000000000000,43.6100000000000000,19.1100000000000000
