bucket1,bucket2,bucket3,bucket4,bucket5
39.6011227417185480,115.5437597188486734,191.3175583888630779,267.0214561267216914,341.3882563996174556
