substr,avg,avg,avg
Did not like the mak,6.0000000000000000,78.9100000000000000,41.0200000000000000
No service location ,35.0000000000000000,930.3800000000000000,14.4400000000000000
Parts missing,75.0000000000000000,1128.6400000000000000,36.4800000000000000
reason 24,6.0000000000000000,5.8000000000000000,85.3400000000000000
reason 31,9.0000000000000000,181.2300000000000000,69.2200000000000000
