bucket1,bucket2,bucket3,bucket4,bucket5
39.6116071386961324,115.4684042378816552,191.1016923893162811,266.0296681413049340,341.9795575985156594
