avg,avg,avg,sum
28.5161290322580645,2175.0870967741935484,1973.0977419354838710,61166.03
